srchType=T,accounting+finance,search titles only
hasPic=1,accounting+finance,has image
postedToday=1,accounting+finance,posted today
bundleDuplicates=1,accounting+finance,bundle duplicates
searchNearby=1,accounting+finance,include nearby areas
is_internship=1,accounting+finance,internship
is_nonprofit=1,accounting+finance,non-profit
is_telecommuting=1,accounting+finance,telecommute
employment_type=1,accounting+finance,full-time
employment_type=2,accounting+finance,part-time
employment_type=3,accounting+finance,contract
employment_type=4,accounting+finance,employees choice
srchType=T,activities,search titles only
hasPic=1,activities,has image
postedToday=1,activities,posted today
bundleDuplicates=1,activities,bundle duplicates
searchNearby=1,activities,include nearby areas
srchType=T,admin-office,search titles only
hasPic=1,admin-office,has image
postedToday=1,admin-office,posted today
bundleDuplicates=1,admin-office,bundle duplicates
searchNearby=1,admin-office,include nearby areas
is_internship=1,admin-office,internship
is_nonprofit=1,admin-office,non-profit
is_telecommuting=1,admin-office,telecommute
employment_type=1,admin-office,full-time
employment_type=2,admin-office,part-time
employment_type=3,admin-office,contract
employment_type=4,admin-office,employees choice
srchType=T,all,search titles only
hasPic=1,all,has image
postedToday=1,all,posted today
bundleDuplicates=1,all,bundle duplicates
searchNearby=1,all,include nearby areas
srchType=T,antiques,search titles only
hasPic=1,antiques,has image
postedToday=1,antiques,posted today
bundleDuplicates=1,antiques,bundle duplicates
searchNearby=1,antiques,include nearby areas
condition=10,antiques,new
condition=20,antiques,like new
condition=30,antiques,excellent
condition=40,antiques,good
condition=50,antiques,fair
condition=60,antiques,salvage
srchType=T,appliances,search titles only
hasPic=1,appliances,has image
postedToday=1,appliances,posted today
bundleDuplicates=1,appliances,bundle duplicates
searchNearby=1,appliances,include nearby areas
condition=10,appliances,new
condition=20,appliances,like new
condition=30,appliances,excellent
condition=40,appliances,good
condition=50,appliances,fair
condition=60,appliances,salvage
srchType=T,apts-housing,search titles only
hasPic=1,apts-housing,has image
postedToday=1,apts-housing,posted today
bundleDuplicates=1,apts-housing,bundle duplicates
searchNearby=1,apts-housing,include nearby areas
pets_cat=1,apts-housing,cats ok
pets_dog=1,apts-housing,dogs ok
is_furnished=1,apts-housing,furnished
no_smoking=1,apts-housing,no smoking
wheelchaccess=1,apts-housing,wheelchair access
housing_type=1,apts-housing,apartment
housing_type=2,apts-housing,condo
housing_type=3,apts-housing,cottage-cabin
housing_type=4,apts-housing,duplex
housing_type=5,apts-housing,flat
housing_type=6,apts-housing,house
housing_type=7,apts-housing,in-law
housing_type=8,apts-housing,loft
housing_type=9,apts-housing,townhouse
housing_type=10,apts-housing,manufactured
housing_type=11,apts-housing,assisted living
housing_type=12,apts-housing,land
laundry=1,apts-housing,w-d in unit
laundry=4,apts-housing,w-d hookups
laundry=2,apts-housing,laundry in bldg
laundry=3,apts-housing,laundry on site
laundry=5,apts-housing,no laundry on site
parking=1,apts-housing,carport
parking=2,apts-housing,attached garage
parking=3,apts-housing,detached garage
parking=4,apts-housing,off-street parking
parking=5,apts-housing,street parking
parking=6,apts-housing,valet parking
parking=7,apts-housing,no parking
srchType=T,arch-engineering,search titles only
hasPic=1,arch-engineering,has image
postedToday=1,arch-engineering,posted today
bundleDuplicates=1,arch-engineering,bundle duplicates
searchNearby=1,arch-engineering,include nearby areas
is_internship=1,arch-engineering,internship
is_nonprofit=1,arch-engineering,non-profit
is_telecommuting=1,arch-engineering,telecommute
employment_type=1,arch-engineering,full-time
employment_type=2,arch-engineering,part-time
employment_type=3,arch-engineering,contract
employment_type=4,arch-engineering,employees choice
srchType=T,art-media-design,search titles only
hasPic=1,art-media-design,has image
postedToday=1,art-media-design,posted today
bundleDuplicates=1,art-media-design,bundle duplicates
searchNearby=1,art-media-design,include nearby areas
is_internship=1,art-media-design,internship
is_nonprofit=1,art-media-design,non-profit
is_telecommuting=1,art-media-design,telecommute
employment_type=1,art-media-design,full-time
employment_type=2,art-media-design,part-time
employment_type=3,art-media-design,contract
employment_type=4,art-media-design,employees choice
srchType=T,artists,search titles only
hasPic=1,artists,has image
postedToday=1,artists,posted today
bundleDuplicates=1,artists,bundle duplicates
searchNearby=1,artists,include nearby areas
srchType=T,arts+crafts,search titles only
hasPic=1,arts+crafts,has image
postedToday=1,arts+crafts,posted today
bundleDuplicates=1,arts+crafts,bundle duplicates
searchNearby=1,arts+crafts,include nearby areas
condition=10,arts+crafts,new
condition=20,arts+crafts,like new
condition=30,arts+crafts,excellent
condition=40,arts+crafts,good
condition=50,arts+crafts,fair
condition=60,arts+crafts,salvage
srchType=T,atv-utv-sno,search titles only
hasPic=1,atv-utv-sno,has image
postedToday=1,atv-utv-sno,posted today
bundleDuplicates=1,atv-utv-sno,bundle duplicates
searchNearby=1,atv-utv-sno,include nearby areas
condition=10,atv-utv-sno,new
condition=20,atv-utv-sno,like new
condition=30,atv-utv-sno,excellent
condition=40,atv-utv-sno,good
condition=50,atv-utv-sno,fair
condition=60,atv-utv-sno,salvage
srchType=T,automotive,search titles only
hasPic=1,automotive,has image
postedToday=1,automotive,posted today
bundleDuplicates=1,automotive,bundle duplicates
searchNearby=1,automotive,include nearby areas
srchType=T,baby+kid,search titles only
hasPic=1,baby+kid,has image
postedToday=1,baby+kid,posted today
bundleDuplicates=1,baby+kid,bundle duplicates
searchNearby=1,baby+kid,include nearby areas
condition=10,baby+kid,new
condition=20,baby+kid,like new
condition=30,baby+kid,excellent
condition=40,baby+kid,good
condition=50,baby+kid,fair
condition=60,baby+kid,salvage
srchType=T,barter,search titles only
hasPic=1,barter,has image
postedToday=1,barter,posted today
bundleDuplicates=1,barter,bundle duplicates
searchNearby=1,barter,include nearby areas
srchType=T,beauty,search titles only
hasPic=1,beauty,has image
postedToday=1,beauty,posted today
bundleDuplicates=1,beauty,bundle duplicates
searchNearby=1,beauty,include nearby areas
srchType=T,beauty+hlth,search titles only
hasPic=1,beauty+hlth,has image
postedToday=1,beauty+hlth,posted today
bundleDuplicates=1,beauty+hlth,bundle duplicates
searchNearby=1,beauty+hlth,include nearby areas
condition=10,beauty+hlth,new
condition=20,beauty+hlth,like new
condition=30,beauty+hlth,excellent
condition=40,beauty+hlth,good
condition=50,beauty+hlth,fair
condition=60,beauty+hlth,salvage
srchType=T,biotech-science,search titles only
hasPic=1,biotech-science,has image
postedToday=1,biotech-science,posted today
bundleDuplicates=1,biotech-science,bundle duplicates
searchNearby=1,biotech-science,include nearby areas
is_internship=1,biotech-science,internship
is_nonprofit=1,biotech-science,non-profit
is_telecommuting=1,biotech-science,telecommute
employment_type=1,biotech-science,full-time
employment_type=2,biotech-science,part-time
employment_type=3,biotech-science,contract
employment_type=4,biotech-science,employees choice
srchType=T,books,search titles only
hasPic=1,books,has image
postedToday=1,books,posted today
bundleDuplicates=1,books,bundle duplicates
searchNearby=1,books,include nearby areas
condition=10,books,new
condition=20,books,like new
condition=30,books,excellent
condition=40,books,good
condition=50,books,fair
condition=60,books,salvage
srchType=T,business,search titles only
hasPic=1,business,has image
postedToday=1,business,posted today
bundleDuplicates=1,business,bundle duplicates
searchNearby=1,business,include nearby areas
condition=10,business,new
condition=20,business,like new
condition=30,business,excellent
condition=40,business,good
condition=50,business,fair
condition=60,business,salvage
srchType=T,business-mgmt,search titles only
hasPic=1,business-mgmt,has image
postedToday=1,business-mgmt,posted today
bundleDuplicates=1,business-mgmt,bundle duplicates
searchNearby=1,business-mgmt,include nearby areas
is_internship=1,business-mgmt,internship
is_nonprofit=1,business-mgmt,non-profit
is_telecommuting=1,business-mgmt,telecommute
employment_type=1,business-mgmt,full-time
employment_type=2,business-mgmt,part-time
employment_type=3,business-mgmt,contract
employment_type=4,business-mgmt,employees choice
srchType=T,cds-dvd-vhs,search titles only
hasPic=1,cds-dvd-vhs,has image
postedToday=1,cds-dvd-vhs,posted today
bundleDuplicates=1,cds-dvd-vhs,bundle duplicates
searchNearby=1,cds-dvd-vhs,include nearby areas
condition=10,cds-dvd-vhs,new
condition=20,cds-dvd-vhs,like new
condition=30,cds-dvd-vhs,excellent
condition=40,cds-dvd-vhs,good
condition=50,cds-dvd-vhs,fair
condition=60,cds-dvd-vhs,salvage
media_type=1,cds-dvd-vhs,cd
media_type=2,cds-dvd-vhs,vinyl
media_type=9,cds-dvd-vhs,other audio
media_type=11,cds-dvd-vhs,blu-ray
media_type=12,cds-dvd-vhs,dvd
media_type=13,cds-dvd-vhs,vhs
media_type=19,cds-dvd-vhs,other video
srchType=T,cell phones,search titles only
hasPic=1,cell phones,has image
postedToday=1,cell phones,posted today
bundleDuplicates=1,cell phones,bundle duplicates
searchNearby=1,cell phones,include nearby areas
condition=10,cell phones,new
condition=20,cell phones,like new
condition=30,cell phones,excellent
condition=40,cell phones,good
condition=50,cell phones,fair
condition=60,cell phones,salvage
mobile_os=1,cell phones,android
mobile_os=2,cell phones,apple iOS
mobile_os=3,cell phones,blackberry
mobile_os=4,cell phones,windows mobile
mobile_os=20,cell phones,other
srchType=T,cell-mobile,search titles only
hasPic=1,cell-mobile,has image
postedToday=1,cell-mobile,posted today
bundleDuplicates=1,cell-mobile,bundle duplicates
searchNearby=1,cell-mobile,include nearby areas
srchType=T,childcare,search titles only
hasPic=1,childcare,has image
postedToday=1,childcare,posted today
bundleDuplicates=1,childcare,bundle duplicates
searchNearby=1,childcare,include nearby areas
srchType=T,classes,search titles only
hasPic=1,classes,has image
postedToday=1,classes,posted today
bundleDuplicates=1,classes,bundle duplicates
searchNearby=1,classes,include nearby areas
srchType=T,clothes+acc,search titles only
hasPic=1,clothes+acc,has image
postedToday=1,clothes+acc,posted today
bundleDuplicates=1,clothes+acc,bundle duplicates
searchNearby=1,clothes+acc,include nearby areas
condition=10,clothes+acc,new
condition=20,clothes+acc,like new
condition=30,clothes+acc,excellent
condition=40,clothes+acc,good
condition=50,clothes+acc,fair
condition=60,clothes+acc,salvage
srchType=T,collectibles,search titles only
hasPic=1,collectibles,has image
postedToday=1,collectibles,posted today
bundleDuplicates=1,collectibles,bundle duplicates
searchNearby=1,collectibles,include nearby areas
condition=10,collectibles,new
condition=20,collectibles,like new
condition=30,collectibles,excellent
condition=40,collectibles,good
condition=50,collectibles,fair
condition=60,collectibles,salvage
srchType=T,computer,search titles only
hasPic=1,computer,has image
postedToday=1,computer,posted today
bundleDuplicates=1,computer,bundle duplicates
searchNearby=1,computer,include nearby areas
srchType=T,creative,search titles only
hasPic=1,creative,has image
postedToday=1,creative,posted today
bundleDuplicates=1,creative,bundle duplicates
searchNearby=1,creative,include nearby areas
srchType=T,crew,search titles only
hasPic=1,crew,has image
postedToday=1,crew,posted today
bundleDuplicates=1,crew,bundle duplicates
searchNearby=1,crew,include nearby areas
srchType=T,customer service,search titles only
hasPic=1,customer service,has image
postedToday=1,customer service,posted today
bundleDuplicates=1,customer service,bundle duplicates
searchNearby=1,customer service,include nearby areas
is_internship=1,customer service,internship
is_nonprofit=1,customer service,non-profit
is_telecommuting=1,customer service,telecommute
employment_type=1,customer service,full-time
employment_type=2,customer service,part-time
employment_type=3,customer service,contract
employment_type=4,customer service,employees choice
srchType=T,cycle,search titles only
hasPic=1,cycle,has image
postedToday=1,cycle,posted today
bundleDuplicates=1,cycle,bundle duplicates
searchNearby=1,cycle,include nearby areas
srchType=T,domestic,search titles only
hasPic=1,domestic,has image
postedToday=1,domestic,posted today
bundleDuplicates=1,domestic,bundle duplicates
searchNearby=1,domestic,include nearby areas
srchType=T,education,search titles only
hasPic=1,education,has image
postedToday=1,education,posted today
bundleDuplicates=1,education,bundle duplicates
searchNearby=1,education,include nearby areas
is_internship=1,education,internship
is_nonprofit=1,education,non-profit
is_telecommuting=1,education,telecommute
employment_type=1,education,full-time
employment_type=2,education,part-time
employment_type=3,education,contract
employment_type=4,education,employees choice
srchType=T,electronics,search titles only
hasPic=1,electronics,has image
postedToday=1,electronics,posted today
bundleDuplicates=1,electronics,bundle duplicates
searchNearby=1,electronics,include nearby areas
condition=10,electronics,new
condition=20,electronics,like new
condition=30,electronics,excellent
condition=40,electronics,good
condition=50,electronics,fair
condition=60,electronics,salvage
srchType=T,ETC,search titles only
hasPic=1,ETC,has image
postedToday=1,ETC,posted today
bundleDuplicates=1,ETC,bundle duplicates
searchNearby=1,ETC,include nearby areas
is_internship=1,ETC,internship
is_nonprofit=1,ETC,non-profit
is_telecommuting=1,ETC,telecommute
employment_type=1,ETC,full-time
employment_type=2,ETC,part-time
employment_type=3,ETC,contract
employment_type=4,ETC,employees choice
srchType=T,event,search titles only
hasPic=1,event,has image
postedToday=1,event,posted today
bundleDuplicates=1,event,bundle duplicates
searchNearby=1,event,include nearby areas
srchType=T,events,search titles only
hasPic=1,events,has image
postedToday=1,events,posted today
bundleDuplicates=1,events,bundle duplicates
searchNearby=1,events,include nearby areas
event_art=1,events,art-film
event_career=1,events,career
event_fundraiser_vol=1,events,charitable
event_athletics=1,events,competition
event_dance=1,events,dance
event_festival=1,events,fest-fair
event_fitness_wellness=1,events,fitness-health
event_food=1,events,food-drink
event_free=1,events,free
event_kidfriendly=1,events,kid friendly
event_literary=1,events,literary
event_music=1,events,music
event_outdoor=1,events,outdoor
event_sale=1,events,sale
event_singles=1,events,singles
event_geek=1,events,tech
srchType=T,farm+garden,search titles only
hasPic=1,farm+garden,has image
postedToday=1,farm+garden,posted today
bundleDuplicates=1,farm+garden,bundle duplicates
searchNearby=1,farm+garden,include nearby areas
condition=10,farm+garden,new
condition=20,farm+garden,like new
condition=30,farm+garden,excellent
condition=40,farm+garden,good
condition=50,farm+garden,fair
condition=60,farm+garden,salvage
srchType=T,financial,search titles only
hasPic=1,financial,has image
postedToday=1,financial,posted today
bundleDuplicates=1,financial,bundle duplicates
searchNearby=1,financial,include nearby areas
srchType=T,food-bev-hosp,search titles only
hasPic=1,food-bev-hosp,has image
postedToday=1,food-bev-hosp,posted today
bundleDuplicates=1,food-bev-hosp,bundle duplicates
searchNearby=1,food-bev-hosp,include nearby areas
is_internship=1,food-bev-hosp,internship
is_nonprofit=1,food-bev-hosp,non-profit
is_telecommuting=1,food-bev-hosp,telecommute
employment_type=1,food-bev-hosp,full-time
employment_type=2,food-bev-hosp,part-time
employment_type=3,food-bev-hosp,contract
employment_type=4,food-bev-hosp,employees choice
srchType=T,free,search titles only
hasPic=1,free,has image
postedToday=1,free,posted today
bundleDuplicates=1,free,bundle duplicates
searchNearby=1,free,include nearby areas
condition=10,free,new
condition=20,free,like new
condition=30,free,excellent
condition=40,free,good
condition=50,free,fair
condition=60,free,salvage
srchType=T,furniture,search titles only
hasPic=1,furniture,has image
postedToday=1,furniture,posted today
bundleDuplicates=1,furniture,bundle duplicates
searchNearby=1,furniture,include nearby areas
condition=10,furniture,new
condition=20,furniture,like new
condition=30,furniture,excellent
condition=40,furniture,good
condition=50,furniture,fair
condition=60,furniture,salvage
srchType=T,garage sale,search titles only
hasPic=1,garage sale,has image
postedToday=1,garage sale,posted today
bundleDuplicates=1,garage sale,bundle duplicates
searchNearby=1,garage sale,include nearby areas
srchType=T,general,search titles only
hasPic=1,general,has image
postedToday=1,general,posted today
bundleDuplicates=1,general,bundle duplicates
searchNearby=1,general,include nearby areas
condition=10,general,new
condition=20,general,like new
condition=30,general,excellent
condition=40,general,good
condition=50,general,fair
condition=60,general,salvage
srchType=T,general labor,search titles only
hasPic=1,general labor,has image
postedToday=1,general labor,posted today
bundleDuplicates=1,general labor,bundle duplicates
searchNearby=1,general labor,include nearby areas
is_internship=1,general labor,internship
is_nonprofit=1,general labor,non-profit
is_telecommuting=1,general labor,telecommute
employment_type=1,general labor,full-time
employment_type=2,general labor,part-time
employment_type=3,general labor,contract
employment_type=4,general labor,employees choice
srchType=T,government,search titles only
hasPic=1,government,has image
postedToday=1,government,posted today
bundleDuplicates=1,government,bundle duplicates
searchNearby=1,government,include nearby areas
is_internship=1,government,internship
is_nonprofit=1,government,non-profit
is_telecommuting=1,government,telecommute
employment_type=1,government,full-time
employment_type=2,government,part-time
employment_type=3,government,contract
employment_type=4,government,employees choice
srchType=T,groups,search titles only
hasPic=1,groups,has image
postedToday=1,groups,posted today
bundleDuplicates=1,groups,bundle duplicates
searchNearby=1,groups,include nearby areas
srchType=T,heavy equip,search titles only
hasPic=1,heavy equip,has image
postedToday=1,heavy equip,posted today
bundleDuplicates=1,heavy equip,bundle duplicates
searchNearby=1,heavy equip,include nearby areas
condition=10,heavy equip,new
condition=20,heavy equip,like new
condition=30,heavy equip,excellent
condition=40,heavy equip,good
condition=50,heavy equip,fair
condition=60,heavy equip,salvage
srchType=T,household,search titles only
hasPic=1,household,has image
postedToday=1,household,posted today
bundleDuplicates=1,household,bundle duplicates
searchNearby=1,household,include nearby areas
condition=10,household,new
condition=20,household,like new
condition=30,household,excellent
condition=40,household,good
condition=50,household,fair
condition=60,household,salvage
srchType=T,housing swap,search titles only
hasPic=1,housing swap,has image
postedToday=1,housing swap,posted today
bundleDuplicates=1,housing swap,bundle duplicates
searchNearby=1,housing swap,include nearby areas
pets_cat=1,housing swap,cats ok
pets_dog=1,housing swap,dogs ok
is_furnished=1,housing swap,furnished
no_smoking=1,housing swap,no smoking
wheelchaccess=1,housing swap,wheelchair access
housing_type=1,housing swap,apartment
housing_type=2,housing swap,condo
housing_type=3,housing swap,cottage-cabin
housing_type=4,housing swap,duplex
housing_type=5,housing swap,flat
housing_type=6,housing swap,house
housing_type=7,housing swap,in-law
housing_type=8,housing swap,loft
housing_type=9,housing swap,townhouse
housing_type=10,housing swap,manufactured
housing_type=11,housing swap,assisted living
housing_type=12,housing swap,land
laundry=1,housing swap,w-d in unit
laundry=4,housing swap,w-d hookups
laundry=2,housing swap,laundry in bldg
laundry=3,housing swap,laundry on site
laundry=5,housing swap,no laundry on site
parking=1,housing swap,carport
parking=2,housing swap,attached garage
parking=3,housing swap,detached garage
parking=4,housing swap,off-street parking
parking=5,housing swap,street parking
parking=6,housing swap,valet parking
parking=7,housing swap,no parking
srchType=T,housing wanted,search titles only
hasPic=1,housing wanted,has image
postedToday=1,housing wanted,posted today
bundleDuplicates=1,housing wanted,bundle duplicates
searchNearby=1,housing wanted,include nearby areas
pets_cat=1,housing wanted,cats ok
pets_dog=1,housing wanted,dogs ok
is_furnished=1,housing wanted,furnished
no_smoking=1,housing wanted,no smoking
wheelchaccess=1,housing wanted,wheelchair access
housing_type=1,housing wanted,apartment
housing_type=2,housing wanted,condo
housing_type=3,housing wanted,cottage-cabin
housing_type=4,housing wanted,duplex
housing_type=5,housing wanted,flat
housing_type=6,housing wanted,house
housing_type=7,housing wanted,in-law
housing_type=8,housing wanted,loft
housing_type=9,housing wanted,townhouse
housing_type=10,housing wanted,manufactured
housing_type=11,housing wanted,assisted living
housing_type=12,housing wanted,land
laundry=1,housing wanted,w-d in unit
laundry=4,housing wanted,w-d hookups
laundry=2,housing wanted,laundry in bldg
laundry=3,housing wanted,laundry on site
laundry=5,housing wanted,no laundry on site
parking=1,housing wanted,carport
parking=2,housing wanted,attached garage
parking=3,housing wanted,detached garage
parking=4,housing wanted,off-street parking
parking=5,housing wanted,street parking
parking=6,housing wanted,valet parking
parking=7,housing wanted,no parking
srchType=T,human resources,search titles only
hasPic=1,human resources,has image
postedToday=1,human resources,posted today
bundleDuplicates=1,human resources,bundle duplicates
searchNearby=1,human resources,include nearby areas
is_internship=1,human resources,internship
is_nonprofit=1,human resources,non-profit
is_telecommuting=1,human resources,telecommute
employment_type=1,human resources,full-time
employment_type=2,human resources,part-time
employment_type=3,human resources,contract
employment_type=4,human resources,employees choice
srchType=T,internet engineers,search titles only
hasPic=1,internet engineers,has image
postedToday=1,internet engineers,posted today
bundleDuplicates=1,internet engineers,bundle duplicates
searchNearby=1,internet engineers,include nearby areas
is_internship=1,internet engineers,internship
is_nonprofit=1,internet engineers,non-profit
is_telecommuting=1,internet engineers,telecommute
employment_type=1,internet engineers,full-time
employment_type=2,internet engineers,part-time
employment_type=3,internet engineers,contract
employment_type=4,internet engineers,employees choice
srchType=T,jewelry,search titles only
hasPic=1,jewelry,has image
postedToday=1,jewelry,posted today
bundleDuplicates=1,jewelry,bundle duplicates
searchNearby=1,jewelry,include nearby areas
condition=10,jewelry,new
condition=20,jewelry,like new
condition=30,jewelry,excellent
condition=40,jewelry,good
condition=50,jewelry,fair
condition=60,jewelry,salvage
srchType=T,labor,search titles only
hasPic=1,labor,has image
postedToday=1,labor,posted today
bundleDuplicates=1,labor,bundle duplicates
searchNearby=1,labor,include nearby areas
srchType=T,labor-move,search titles only
hasPic=1,labor-move,has image
postedToday=1,labor-move,posted today
bundleDuplicates=1,labor-move,bundle duplicates
searchNearby=1,labor-move,include nearby areas
srchType=T,legal,search titles only
hasPic=1,legal,has image
postedToday=1,legal,posted today
bundleDuplicates=1,legal,bundle duplicates
searchNearby=1,legal,include nearby areas
srchType=T,legal-paralegal,search titles only
hasPic=1,legal-paralegal,has image
postedToday=1,legal-paralegal,posted today
bundleDuplicates=1,legal-paralegal,bundle duplicates
searchNearby=1,legal-paralegal,include nearby areas
is_internship=1,legal-paralegal,internship
is_nonprofit=1,legal-paralegal,non-profit
is_telecommuting=1,legal-paralegal,telecommute
employment_type=1,legal-paralegal,full-time
employment_type=2,legal-paralegal,part-time
employment_type=3,legal-paralegal,contract
employment_type=4,legal-paralegal,employees choice
srchType=T,lessons,search titles only
hasPic=1,lessons,has image
postedToday=1,lessons,posted today
bundleDuplicates=1,lessons,bundle duplicates
searchNearby=1,lessons,include nearby areas
srchType=T,local news,search titles only
hasPic=1,local news,has image
postedToday=1,local news,posted today
bundleDuplicates=1,local news,bundle duplicates
searchNearby=1,local news,include nearby areas
srchType=T,lost+found,search titles only
hasPic=1,lost+found,has image
postedToday=1,lost+found,posted today
bundleDuplicates=1,lost+found,bundle duplicates
searchNearby=1,lost+found,include nearby areas
lost_and_found_type=1,lost+found,lost
lost_and_found_type=2,lost+found,found
srchType=T,manufacturing,search titles only
hasPic=1,manufacturing,has image
postedToday=1,manufacturing,posted today
bundleDuplicates=1,manufacturing,bundle duplicates
searchNearby=1,manufacturing,include nearby areas
is_internship=1,manufacturing,internship
is_nonprofit=1,manufacturing,non-profit
is_telecommuting=1,manufacturing,telecommute
employment_type=1,manufacturing,full-time
employment_type=2,manufacturing,part-time
employment_type=3,manufacturing,contract
employment_type=4,manufacturing,employees choice
srchType=T,marine,search titles only
hasPic=1,marine,has image
postedToday=1,marine,posted today
bundleDuplicates=1,marine,bundle duplicates
searchNearby=1,marine,include nearby areas
srchType=T,marketing-pr-ad,search titles only
hasPic=1,marketing-pr-ad,has image
postedToday=1,marketing-pr-ad,posted today
bundleDuplicates=1,marketing-pr-ad,bundle duplicates
searchNearby=1,marketing-pr-ad,include nearby areas
is_internship=1,marketing-pr-ad,internship
is_nonprofit=1,marketing-pr-ad,non-profit
is_telecommuting=1,marketing-pr-ad,telecommute
employment_type=1,marketing-pr-ad,full-time
employment_type=2,marketing-pr-ad,part-time
employment_type=3,marketing-pr-ad,contract
employment_type=4,marketing-pr-ad,employees choice
srchType=T,materials,search titles only
hasPic=1,materials,has image
postedToday=1,materials,posted today
bundleDuplicates=1,materials,bundle duplicates
searchNearby=1,materials,include nearby areas
condition=10,materials,new
condition=20,materials,like new
condition=30,materials,excellent
condition=40,materials,good
condition=50,materials,fair
condition=60,materials,salvage
srchType=T,medical-health,search titles only
hasPic=1,medical-health,has image
postedToday=1,medical-health,posted today
bundleDuplicates=1,medical-health,bundle duplicates
searchNearby=1,medical-health,include nearby areas
is_internship=1,medical-health,internship
is_nonprofit=1,medical-health,non-profit
is_telecommuting=1,medical-health,telecommute
employment_type=1,medical-health,full-time
employment_type=2,medical-health,part-time
employment_type=3,medical-health,contract
employment_type=4,medical-health,employees choice
srchType=T,music instr,search titles only
hasPic=1,music instr,has image
postedToday=1,music instr,posted today
bundleDuplicates=1,music instr,bundle duplicates
searchNearby=1,music instr,include nearby areas
condition=10,music instr,new
condition=20,music instr,like new
condition=30,music instr,excellent
condition=40,music instr,good
condition=50,music instr,fair
condition=60,music instr,salvage
srchType=T,musicians,search titles only
hasPic=1,musicians,has image
postedToday=1,musicians,posted today
bundleDuplicates=1,musicians,bundle duplicates
searchNearby=1,musicians,include nearby areas
srchType=T,nonprofit sector,search titles only
hasPic=1,nonprofit sector,has image
postedToday=1,nonprofit sector,posted today
bundleDuplicates=1,nonprofit sector,bundle duplicates
searchNearby=1,nonprofit sector,include nearby areas
is_internship=1,nonprofit sector,internship
is_nonprofit=1,nonprofit sector,non-profit
is_telecommuting=1,nonprofit sector,telecommute
employment_type=1,nonprofit sector,full-time
employment_type=2,nonprofit sector,part-time
employment_type=3,nonprofit sector,contract
employment_type=4,nonprofit sector,employees choice
srchType=T,office-commercial,search titles only
hasPic=1,office-commercial,has image
postedToday=1,office-commercial,posted today
bundleDuplicates=1,office-commercial,bundle duplicates
searchNearby=1,office-commercial,include nearby areas
srchType=T,parking-storage,search titles only
hasPic=1,parking-storage,has image
postedToday=1,parking-storage,posted today
bundleDuplicates=1,parking-storage,bundle duplicates
searchNearby=1,parking-storage,include nearby areas
srchType=T,part-time,search titles only
hasPic=1,part-time,has image
postedToday=1,part-time,posted today
bundleDuplicates=1,part-time,bundle duplicates
searchNearby=1,part-time,include nearby areas
is_internship=1,part-time,internship
is_nonprofit=1,part-time,non-profit
is_telecommuting=1,part-time,telecommute
employment_type=1,part-time,full-time
employment_type=2,part-time,part-time
employment_type=3,part-time,contract
employment_type=4,part-time,employees choice
srchType=T,pet,search titles only
hasPic=1,pet,has image
postedToday=1,pet,posted today
bundleDuplicates=1,pet,bundle duplicates
searchNearby=1,pet,include nearby areas
srchType=T,pets,search titles only
hasPic=1,pets,has image
postedToday=1,pets,posted today
bundleDuplicates=1,pets,bundle duplicates
searchNearby=1,pets,include nearby areas
srchType=T,photo+video,search titles only
hasPic=1,photo+video,has image
postedToday=1,photo+video,posted today
bundleDuplicates=1,photo+video,bundle duplicates
searchNearby=1,photo+video,include nearby areas
condition=10,photo+video,new
condition=20,photo+video,like new
condition=30,photo+video,excellent
condition=40,photo+video,good
condition=50,photo+video,fair
condition=60,photo+video,salvage
srchType=T,politics,search titles only
hasPic=1,politics,has image
postedToday=1,politics,posted today
bundleDuplicates=1,politics,bundle duplicates
searchNearby=1,politics,include nearby areas
srchType=T,real estate,search titles only
hasPic=1,real estate,has image
postedToday=1,real estate,posted today
bundleDuplicates=1,real estate,bundle duplicates
searchNearby=1,real estate,include nearby areas
is_internship=1,real estate,internship
is_nonprofit=1,real estate,non-profit
is_telecommuting=1,real estate,telecommute
employment_type=1,real estate,full-time
employment_type=2,real estate,part-time
employment_type=3,real estate,contract
employment_type=4,real estate,employees choice
srchType=T,real estate for sale,search titles only
hasPic=1,real estate for sale,has image
postedToday=1,real estate for sale,posted today
bundleDuplicates=1,real estate for sale,bundle duplicates
searchNearby=1,real estate for sale,include nearby areas
is_furnished=1,real estate for sale,furnished
no_smoking=1,real estate for sale,no smoking
wheelchaccess=1,real estate for sale,wheelchair access
housing_type=1,real estate for sale,apartment
housing_type=2,real estate for sale,condo
housing_type=3,real estate for sale,cottage-cabin
housing_type=4,real estate for sale,duplex
housing_type=5,real estate for sale,flat
housing_type=6,real estate for sale,house
housing_type=7,real estate for sale,in-law
housing_type=8,real estate for sale,loft
housing_type=9,real estate for sale,townhouse
housing_type=10,real estate for sale,manufactured
housing_type=11,real estate for sale,assisted living
housing_type=12,real estate for sale,land
laundry=1,real estate for sale,w-d in unit
laundry=4,real estate for sale,w-d hookups
laundry=2,real estate for sale,laundry in bldg
laundry=3,real estate for sale,laundry on site
laundry=5,real estate for sale,no laundry on site
parking=1,real estate for sale,carport
parking=2,real estate for sale,attached garage
parking=3,real estate for sale,detached garage
parking=4,real estate for sale,off-street parking
parking=5,real estate for sale,street parking
parking=6,real estate for sale,valet parking
parking=7,real estate for sale,no parking
srchType=T,retail-wholesale,search titles only
hasPic=1,retail-wholesale,has image
postedToday=1,retail-wholesale,posted today
bundleDuplicates=1,retail-wholesale,bundle duplicates
searchNearby=1,retail-wholesale,include nearby areas
is_internship=1,retail-wholesale,internship
is_nonprofit=1,retail-wholesale,non-profit
is_telecommuting=1,retail-wholesale,telecommute
employment_type=1,retail-wholesale,full-time
employment_type=2,retail-wholesale,part-time
employment_type=3,retail-wholesale,contract
employment_type=4,retail-wholesale,employees choice
srchType=T,rideshare,search titles only
hasPic=1,rideshare,has image
postedToday=1,rideshare,posted today
bundleDuplicates=1,rideshare,bundle duplicates
searchNearby=1,rideshare,include nearby areas
rideshare_type=1,rideshare,ride offered
rideshare_type=2,rideshare,ride wanted
srchType=T,rooms wanted,search titles only
hasPic=1,rooms wanted,has image
postedToday=1,rooms wanted,posted today
bundleDuplicates=1,rooms wanted,bundle duplicates
searchNearby=1,rooms wanted,include nearby areas
pets_cat=1,rooms wanted,cats ok
pets_dog=1,rooms wanted,dogs ok
srchType=T,rooms-shared,search titles only
hasPic=1,rooms-shared,has image
postedToday=1,rooms-shared,posted today
bundleDuplicates=1,rooms-shared,bundle duplicates
searchNearby=1,rooms-shared,include nearby areas
private_room=1,rooms-shared,private room
private_bath=1,rooms-shared,private bath
pets_cat=1,rooms-shared,cats ok
pets_dog=1,rooms-shared,dogs ok
is_furnished=1,rooms-shared,furnished
no_smoking=1,rooms-shared,no smoking
wheelchaccess=1,rooms-shared,wheelchair access
laundry=1,rooms-shared,w-d in unit
laundry=4,rooms-shared,w-d hookups
laundry=2,rooms-shared,laundry in bldg
laundry=3,rooms-shared,laundry on site
laundry=5,rooms-shared,no laundry on site
parking=1,rooms-shared,carport
parking=2,rooms-shared,attached garage
parking=3,rooms-shared,detached garage
parking=4,rooms-shared,off-street parking
parking=5,rooms-shared,street parking
parking=6,rooms-shared,valet parking
parking=7,rooms-shared,no parking
srchType=T,rvs+camp,search titles only
hasPic=1,rvs+camp,has image
postedToday=1,rvs+camp,posted today
bundleDuplicates=1,rvs+camp,bundle duplicates
searchNearby=1,rvs+camp,include nearby areas
condition=10,rvs+camp,new
condition=20,rvs+camp,like new
condition=30,rvs+camp,excellent
condition=40,rvs+camp,good
condition=50,rvs+camp,fair
condition=60,rvs+camp,salvage
auto_cylinders=1,rvs+camp,3 cylinders
auto_cylinders=2,rvs+camp,4 cylinders
auto_cylinders=3,rvs+camp,5 cylinders
auto_cylinders=4,rvs+camp,6 cylinders
auto_cylinders=5,rvs+camp,8 cylinders
auto_cylinders=6,rvs+camp,10 cylinders
auto_cylinders=7,rvs+camp,12 cylinders
auto_cylinders=8,rvs+camp,other
auto_drivetrain=1,rvs+camp,fwd
auto_drivetrain=2,rvs+camp,rwd
auto_drivetrain=3,rvs+camp,4wd
auto_fuel_type=1,rvs+camp,gas
auto_fuel_type=2,rvs+camp,diesel
auto_fuel_type=3,rvs+camp,hybrid
auto_fuel_type=4,rvs+camp,electric
auto_fuel_type=6,rvs+camp,other
auto_paint=1,rvs+camp,black
auto_paint=2,rvs+camp,blue
auto_paint=20,rvs+camp,brown
auto_paint=3,rvs+camp,green
auto_paint=4,rvs+camp,grey
auto_paint=5,rvs+camp,orange
auto_paint=6,rvs+camp,purple
auto_paint=7,rvs+camp,red
auto_paint=8,rvs+camp,silver
auto_paint=9,rvs+camp,white
auto_paint=10,rvs+camp,yellow
auto_paint=11,rvs+camp,custom
auto_title_status=1,rvs+camp,clean
auto_title_status=2,rvs+camp,salvage
auto_title_status=3,rvs+camp,rebuilt
auto_title_status=4,rvs+camp,parts only
auto_title_status=5,rvs+camp,lien
auto_title_status=6,rvs+camp,missing
auto_transmission=1,rvs+camp,manual
auto_transmission=2,rvs+camp,automatic
auto_transmission=3,rvs+camp,other
srchType=T,sales-biz dev,search titles only
hasPic=1,sales-biz dev,has image
postedToday=1,sales-biz dev,posted today
bundleDuplicates=1,sales-biz dev,bundle duplicates
searchNearby=1,sales-biz dev,include nearby areas
is_internship=1,sales-biz dev,internship
is_nonprofit=1,sales-biz dev,non-profit
is_telecommuting=1,sales-biz dev,telecommute
employment_type=1,sales-biz dev,full-time
employment_type=2,sales-biz dev,part-time
employment_type=3,sales-biz dev,contract
employment_type=4,sales-biz dev,employees choice
srchType=T,salon-spa-fitness,search titles only
hasPic=1,salon-spa-fitness,has image
postedToday=1,salon-spa-fitness,posted today
bundleDuplicates=1,salon-spa-fitness,bundle duplicates
searchNearby=1,salon-spa-fitness,include nearby areas
is_internship=1,salon-spa-fitness,internship
is_nonprofit=1,salon-spa-fitness,non-profit
is_telecommuting=1,salon-spa-fitness,telecommute
employment_type=1,salon-spa-fitness,full-time
employment_type=2,salon-spa-fitness,part-time
employment_type=3,salon-spa-fitness,contract
employment_type=4,salon-spa-fitness,employees choice
srchType=T,security,search titles only
hasPic=1,security,has image
postedToday=1,security,posted today
bundleDuplicates=1,security,bundle duplicates
searchNearby=1,security,include nearby areas
is_internship=1,security,internship
is_nonprofit=1,security,non-profit
is_telecommuting=1,security,telecommute
employment_type=1,security,full-time
employment_type=2,security,part-time
employment_type=3,security,contract
employment_type=4,security,employees choice
srchType=T,skilled trade,search titles only
hasPic=1,skilled trade,has image
postedToday=1,skilled trade,posted today
bundleDuplicates=1,skilled trade,bundle duplicates
searchNearby=1,skilled trade,include nearby areas
srchType=T,skilled trade-craft,search titles only
hasPic=1,skilled trade-craft,has image
postedToday=1,skilled trade-craft,posted today
bundleDuplicates=1,skilled trade-craft,bundle duplicates
searchNearby=1,skilled trade-craft,include nearby areas
is_internship=1,skilled trade-craft,internship
is_nonprofit=1,skilled trade-craft,non-profit
is_telecommuting=1,skilled trade-craft,telecommute
employment_type=1,skilled trade-craft,full-time
employment_type=2,skilled trade-craft,part-time
employment_type=3,skilled trade-craft,contract
employment_type=4,skilled trade-craft,employees choice
srchType=T,sm biz ads,search titles only
hasPic=1,sm biz ads,has image
postedToday=1,sm biz ads,posted today
bundleDuplicates=1,sm biz ads,bundle duplicates
searchNearby=1,sm biz ads,include nearby areas
srchType=T,software-qa-dba,search titles only
hasPic=1,software-qa-dba,has image
postedToday=1,software-qa-dba,posted today
bundleDuplicates=1,software-qa-dba,bundle duplicates
searchNearby=1,software-qa-dba,include nearby areas
is_internship=1,software-qa-dba,internship
is_nonprofit=1,software-qa-dba,non-profit
is_telecommuting=1,software-qa-dba,telecommute
employment_type=1,software-qa-dba,full-time
employment_type=2,software-qa-dba,part-time
employment_type=3,software-qa-dba,contract
employment_type=4,software-qa-dba,employees choice
srchType=T,sporting,search titles only
hasPic=1,sporting,has image
postedToday=1,sporting,posted today
bundleDuplicates=1,sporting,bundle duplicates
searchNearby=1,sporting,include nearby areas
condition=10,sporting,new
condition=20,sporting,like new
condition=30,sporting,excellent
condition=40,sporting,good
condition=50,sporting,fair
condition=60,sporting,salvage
srchType=T,sublets-temporary,search titles only
hasPic=1,sublets-temporary,has image
postedToday=1,sublets-temporary,posted today
bundleDuplicates=1,sublets-temporary,bundle duplicates
searchNearby=1,sublets-temporary,include nearby areas
private_room=1,sublets-temporary,private room
private_bath=1,sublets-temporary,private bath
pets_cat=1,sublets-temporary,cats ok
pets_dog=1,sublets-temporary,dogs ok
is_furnished=1,sublets-temporary,furnished
no_smoking=1,sublets-temporary,no smoking
wheelchaccess=1,sublets-temporary,wheelchair access
housing_type=1,sublets-temporary,apartment
housing_type=2,sublets-temporary,condo
housing_type=3,sublets-temporary,cottage-cabin
housing_type=4,sublets-temporary,duplex
housing_type=5,sublets-temporary,flat
housing_type=6,sublets-temporary,house
housing_type=7,sublets-temporary,in-law
housing_type=8,sublets-temporary,loft
housing_type=9,sublets-temporary,townhouse
housing_type=10,sublets-temporary,manufactured
housing_type=11,sublets-temporary,assisted living
housing_type=12,sublets-temporary,land
laundry=1,sublets-temporary,w-d in unit
laundry=4,sublets-temporary,w-d hookups
laundry=2,sublets-temporary,laundry in bldg
laundry=3,sublets-temporary,laundry on site
laundry=5,sublets-temporary,no laundry on site
parking=1,sublets-temporary,carport
parking=2,sublets-temporary,attached garage
parking=3,sublets-temporary,detached garage
parking=4,sublets-temporary,off-street parking
parking=5,sublets-temporary,street parking
parking=6,sublets-temporary,valet parking
parking=7,sublets-temporary,no parking
srchType=T,systems-network,search titles only
hasPic=1,systems-network,has image
postedToday=1,systems-network,posted today
bundleDuplicates=1,systems-network,bundle duplicates
searchNearby=1,systems-network,include nearby areas
is_internship=1,systems-network,internship
is_nonprofit=1,systems-network,non-profit
is_telecommuting=1,systems-network,telecommute
employment_type=1,systems-network,full-time
employment_type=2,systems-network,part-time
employment_type=3,systems-network,contract
employment_type=4,systems-network,employees choice
srchType=T,talent,search titles only
hasPic=1,talent,has image
postedToday=1,talent,posted today
bundleDuplicates=1,talent,bundle duplicates
searchNearby=1,talent,include nearby areas
srchType=T,technical support,search titles only
hasPic=1,technical support,has image
postedToday=1,technical support,posted today
bundleDuplicates=1,technical support,bundle duplicates
searchNearby=1,technical support,include nearby areas
is_internship=1,technical support,internship
is_nonprofit=1,technical support,non-profit
is_telecommuting=1,technical support,telecommute
employment_type=1,technical support,full-time
employment_type=2,technical support,part-time
employment_type=3,technical support,contract
employment_type=4,technical support,employees choice
srchType=T,therapeutic,search titles only
hasPic=1,therapeutic,has image
postedToday=1,therapeutic,posted today
bundleDuplicates=1,therapeutic,bundle duplicates
searchNearby=1,therapeutic,include nearby areas
srchType=T,tickets,search titles only
hasPic=1,tickets,has image
postedToday=1,tickets,posted today
bundleDuplicates=1,tickets,bundle duplicates
searchNearby=1,tickets,include nearby areas
srchType=T,tools,search titles only
hasPic=1,tools,has image
postedToday=1,tools,posted today
bundleDuplicates=1,tools,bundle duplicates
searchNearby=1,tools,include nearby areas
condition=10,tools,new
condition=20,tools,like new
condition=30,tools,excellent
condition=40,tools,good
condition=50,tools,fair
condition=60,tools,salvage
srchType=T,toys+games,search titles only
hasPic=1,toys+games,has image
postedToday=1,toys+games,posted today
bundleDuplicates=1,toys+games,bundle duplicates
searchNearby=1,toys+games,include nearby areas
condition=10,toys+games,new
condition=20,toys+games,like new
condition=30,toys+games,excellent
condition=40,toys+games,good
condition=50,toys+games,fair
condition=60,toys+games,salvage
srchType=T,trailers,search titles only
hasPic=1,trailers,has image
postedToday=1,trailers,posted today
bundleDuplicates=1,trailers,bundle duplicates
searchNearby=1,trailers,include nearby areas
condition=10,trailers,new
condition=20,trailers,like new
condition=30,trailers,excellent
condition=40,trailers,good
condition=50,trailers,fair
condition=60,trailers,salvage
auto_paint=1,trailers,black
auto_paint=2,trailers,blue
auto_paint=20,trailers,brown
auto_paint=3,trailers,green
auto_paint=4,trailers,grey
auto_paint=5,trailers,orange
auto_paint=6,trailers,purple
auto_paint=7,trailers,red
auto_paint=8,trailers,silver
auto_paint=9,trailers,white
auto_paint=10,trailers,yellow
auto_paint=11,trailers,custom
srchType=T,transport,search titles only
hasPic=1,transport,has image
postedToday=1,transport,posted today
bundleDuplicates=1,transport,bundle duplicates
searchNearby=1,transport,include nearby areas
is_internship=1,transport,internship
is_nonprofit=1,transport,non-profit
is_telecommuting=1,transport,telecommute
employment_type=1,transport,full-time
employment_type=2,transport,part-time
employment_type=3,transport,contract
employment_type=4,transport,employees choice
srchType=T,travel-vac,search titles only
hasPic=1,travel-vac,has image
postedToday=1,travel-vac,posted today
bundleDuplicates=1,travel-vac,bundle duplicates
searchNearby=1,travel-vac,include nearby areas
srchType=T,tv-film-video,search titles only
hasPic=1,tv-film-video,has image
postedToday=1,tv-film-video,posted today
bundleDuplicates=1,tv-film-video,bundle duplicates
searchNearby=1,tv-film-video,include nearby areas
is_internship=1,tv-film-video,internship
is_nonprofit=1,tv-film-video,non-profit
is_telecommuting=1,tv-film-video,telecommute
employment_type=1,tv-film-video,full-time
employment_type=2,tv-film-video,part-time
employment_type=3,tv-film-video,contract
employment_type=4,tv-film-video,employees choice
srchType=T,vacation rentals,search titles only
hasPic=1,vacation rentals,has image
postedToday=1,vacation rentals,posted today
bundleDuplicates=1,vacation rentals,bundle duplicates
searchNearby=1,vacation rentals,include nearby areas
pets_cat=1,vacation rentals,cats ok
pets_dog=1,vacation rentals,dogs ok
is_furnished=1,vacation rentals,furnished
no_smoking=1,vacation rentals,no smoking
wheelchaccess=1,vacation rentals,wheelchair access
housing_type=1,vacation rentals,apartment
housing_type=2,vacation rentals,condo
housing_type=3,vacation rentals,cottage-cabin
housing_type=4,vacation rentals,duplex
housing_type=5,vacation rentals,flat
housing_type=6,vacation rentals,house
housing_type=7,vacation rentals,in-law
housing_type=8,vacation rentals,loft
housing_type=9,vacation rentals,townhouse
housing_type=10,vacation rentals,manufactured
housing_type=11,vacation rentals,assisted living
housing_type=12,vacation rentals,land
laundry=1,vacation rentals,w-d in unit
laundry=4,vacation rentals,w-d hookups
laundry=2,vacation rentals,laundry in bldg
laundry=3,vacation rentals,laundry on site
laundry=5,vacation rentals,no laundry on site
parking=1,vacation rentals,carport
parking=2,vacation rentals,attached garage
parking=3,vacation rentals,detached garage
parking=4,vacation rentals,off-street parking
parking=5,vacation rentals,street parking
parking=6,vacation rentals,valet parking
parking=7,vacation rentals,no parking
srchType=T,video gaming,search titles only
hasPic=1,video gaming,has image
postedToday=1,video gaming,posted today
bundleDuplicates=1,video gaming,bundle duplicates
searchNearby=1,video gaming,include nearby areas
condition=10,video gaming,new
condition=20,video gaming,like new
condition=30,video gaming,excellent
condition=40,video gaming,good
condition=50,video gaming,fair
condition=60,video gaming,salvage
srchType=T,volunteers,search titles only
hasPic=1,volunteers,has image
postedToday=1,volunteers,posted today
bundleDuplicates=1,volunteers,bundle duplicates
searchNearby=1,volunteers,include nearby areas
srchType=T,wanted,search titles only
hasPic=1,wanted,has image
postedToday=1,wanted,posted today
bundleDuplicates=1,wanted,bundle duplicates
searchNearby=1,wanted,include nearby areas
condition=10,wanted,new
condition=20,wanted,like new
condition=30,wanted,excellent
condition=40,wanted,good
condition=50,wanted,fair
condition=60,wanted,salvage
srchType=T,web-info design,search titles only
hasPic=1,web-info design,has image
postedToday=1,web-info design,posted today
bundleDuplicates=1,web-info design,bundle duplicates
searchNearby=1,web-info design,include nearby areas
is_internship=1,web-info design,internship
is_nonprofit=1,web-info design,non-profit
is_telecommuting=1,web-info design,telecommute
employment_type=1,web-info design,full-time
employment_type=2,web-info design,part-time
employment_type=3,web-info design,contract
employment_type=4,web-info design,employees choice
srchType=T,write-ed-tran,search titles only
hasPic=1,write-ed-tran,has image
postedToday=1,write-ed-tran,posted today
bundleDuplicates=1,write-ed-tran,bundle duplicates
searchNearby=1,write-ed-tran,include nearby areas
srchType=T,writing,search titles only
hasPic=1,writing,has image
postedToday=1,writing,posted today
bundleDuplicates=1,writing,bundle duplicates
searchNearby=1,writing,include nearby areas
srchType=T,writing-editing,search titles only
hasPic=1,writing-editing,has image
postedToday=1,writing-editing,posted today
bundleDuplicates=1,writing-editing,bundle duplicates
searchNearby=1,writing-editing,include nearby areas
is_internship=1,writing-editing,internship
is_nonprofit=1,writing-editing,non-profit
is_telecommuting=1,writing-editing,telecommute
employment_type=1,writing-editing,full-time
employment_type=2,writing-editing,part-time
employment_type=3,writing-editing,contract
employment_type=4,writing-editing,employees choice
