accounting+finance,search titles only,srchType=T
accounting+finance,has image,hasPic=1
accounting+finance,posted today,postedToday=1
accounting+finance,bundle duplicates,bundleDuplicates=1
accounting+finance,include nearby areas,searchNearby=1
accounting+finance,internship,is_internship=1
accounting+finance,non-profit,is_nonprofit=1
accounting+finance,telecommute,is_telecommuting=1
accounting+finance,full-time,employment_type=1
accounting+finance,part-time,employment_type=2
accounting+finance,contract,employment_type=3
accounting+finance,employees choice,employment_type=4
activities,search titles only,srchType=T
activities,has image,hasPic=1
activities,posted today,postedToday=1
activities,bundle duplicates,bundleDuplicates=1
activities,include nearby areas,searchNearby=1
admin-office,search titles only,srchType=T
admin-office,has image,hasPic=1
admin-office,posted today,postedToday=1
admin-office,bundle duplicates,bundleDuplicates=1
admin-office,include nearby areas,searchNearby=1
admin-office,internship,is_internship=1
admin-office,non-profit,is_nonprofit=1
admin-office,telecommute,is_telecommuting=1
admin-office,full-time,employment_type=1
admin-office,part-time,employment_type=2
admin-office,contract,employment_type=3
admin-office,employees choice,employment_type=4
all,search titles only,srchType=T
all,has image,hasPic=1
all,posted today,postedToday=1
all,bundle duplicates,bundleDuplicates=1
all,include nearby areas,searchNearby=1
antiques,search titles only,srchType=T
antiques,has image,hasPic=1
antiques,posted today,postedToday=1
antiques,bundle duplicates,bundleDuplicates=1
antiques,include nearby areas,searchNearby=1
antiques,new,condition=10
antiques,like new,condition=20
antiques,excellent,condition=30
antiques,good,condition=40
antiques,fair,condition=50
antiques,salvage,condition=60
appliances,search titles only,srchType=T
appliances,has image,hasPic=1
appliances,posted today,postedToday=1
appliances,bundle duplicates,bundleDuplicates=1
appliances,include nearby areas,searchNearby=1
appliances,new,condition=10
appliances,like new,condition=20
appliances,excellent,condition=30
appliances,good,condition=40
appliances,fair,condition=50
appliances,salvage,condition=60
arch-engineering,search titles only,srchType=T
arch-engineering,has image,hasPic=1
arch-engineering,posted today,postedToday=1
arch-engineering,bundle duplicates,bundleDuplicates=1
arch-engineering,include nearby areas,searchNearby=1
arch-engineering,internship,is_internship=1
arch-engineering,non-profit,is_nonprofit=1
arch-engineering,telecommute,is_telecommuting=1
arch-engineering,full-time,employment_type=1
arch-engineering,part-time,employment_type=2
arch-engineering,contract,employment_type=3
arch-engineering,employees choice,employment_type=4
art-media-design,search titles only,srchType=T
art-media-design,has image,hasPic=1
art-media-design,posted today,postedToday=1
art-media-design,bundle duplicates,bundleDuplicates=1
art-media-design,include nearby areas,searchNearby=1
art-media-design,internship,is_internship=1
art-media-design,non-profit,is_nonprofit=1
art-media-design,telecommute,is_telecommuting=1
art-media-design,full-time,employment_type=1
art-media-design,part-time,employment_type=2
art-media-design,contract,employment_type=3
art-media-design,employees choice,employment_type=4
artists,search titles only,srchType=T
artists,has image,hasPic=1
artists,posted today,postedToday=1
artists,bundle duplicates,bundleDuplicates=1
artists,include nearby areas,searchNearby=1
arts+crafts,search titles only,srchType=T
arts+crafts,has image,hasPic=1
arts+crafts,posted today,postedToday=1
arts+crafts,bundle duplicates,bundleDuplicates=1
arts+crafts,include nearby areas,searchNearby=1
arts+crafts,new,condition=10
arts+crafts,like new,condition=20
arts+crafts,excellent,condition=30
arts+crafts,good,condition=40
arts+crafts,fair,condition=50
arts+crafts,salvage,condition=60
atv-utv-sno,search titles only,srchType=T
atv-utv-sno,has image,hasPic=1
atv-utv-sno,posted today,postedToday=1
atv-utv-sno,bundle duplicates,bundleDuplicates=1
atv-utv-sno,include nearby areas,searchNearby=1
atv-utv-sno,new,condition=10
atv-utv-sno,like new,condition=20
atv-utv-sno,excellent,condition=30
atv-utv-sno,good,condition=40
atv-utv-sno,fair,condition=50
atv-utv-sno,salvage,condition=60
automotive,search titles only,srchType=T
automotive,has image,hasPic=1
automotive,posted today,postedToday=1
automotive,bundle duplicates,bundleDuplicates=1
automotive,include nearby areas,searchNearby=1
baby+kid,search titles only,srchType=T
baby+kid,has image,hasPic=1
baby+kid,posted today,postedToday=1
baby+kid,bundle duplicates,bundleDuplicates=1
baby+kid,include nearby areas,searchNearby=1
baby+kid,new,condition=10
baby+kid,like new,condition=20
baby+kid,excellent,condition=30
baby+kid,good,condition=40
baby+kid,fair,condition=50
baby+kid,salvage,condition=60
barter,search titles only,srchType=T
barter,has image,hasPic=1
barter,posted today,postedToday=1
barter,bundle duplicates,bundleDuplicates=1
barter,include nearby areas,searchNearby=1
beauty,search titles only,srchType=T
beauty,has image,hasPic=1
beauty,posted today,postedToday=1
beauty,bundle duplicates,bundleDuplicates=1
beauty,include nearby areas,searchNearby=1
beauty+hlth,search titles only,srchType=T
beauty+hlth,has image,hasPic=1
beauty+hlth,posted today,postedToday=1
beauty+hlth,bundle duplicates,bundleDuplicates=1
beauty+hlth,include nearby areas,searchNearby=1
beauty+hlth,new,condition=10
beauty+hlth,like new,condition=20
beauty+hlth,excellent,condition=30
beauty+hlth,good,condition=40
beauty+hlth,fair,condition=50
beauty+hlth,salvage,condition=60
biotech-science,search titles only,srchType=T
biotech-science,has image,hasPic=1
biotech-science,posted today,postedToday=1
biotech-science,bundle duplicates,bundleDuplicates=1
biotech-science,include nearby areas,searchNearby=1
biotech-science,internship,is_internship=1
biotech-science,non-profit,is_nonprofit=1
biotech-science,telecommute,is_telecommuting=1
biotech-science,full-time,employment_type=1
biotech-science,part-time,employment_type=2
biotech-science,contract,employment_type=3
biotech-science,employees choice,employment_type=4
books,search titles only,srchType=T
books,has image,hasPic=1
books,posted today,postedToday=1
books,bundle duplicates,bundleDuplicates=1
books,include nearby areas,searchNearby=1
books,new,condition=10
books,like new,condition=20
books,excellent,condition=30
books,good,condition=40
books,fair,condition=50
books,salvage,condition=60
business,search titles only,srchType=T
business,has image,hasPic=1
business,posted today,postedToday=1
business,bundle duplicates,bundleDuplicates=1
business,include nearby areas,searchNearby=1
business,new,condition=10
business,like new,condition=20
business,excellent,condition=30
business,good,condition=40
business,fair,condition=50
business,salvage,condition=60
business-mgmt,search titles only,srchType=T
business-mgmt,has image,hasPic=1
business-mgmt,posted today,postedToday=1
business-mgmt,bundle duplicates,bundleDuplicates=1
business-mgmt,include nearby areas,searchNearby=1
business-mgmt,internship,is_internship=1
business-mgmt,non-profit,is_nonprofit=1
business-mgmt,telecommute,is_telecommuting=1
business-mgmt,full-time,employment_type=1
business-mgmt,part-time,employment_type=2
business-mgmt,contract,employment_type=3
business-mgmt,employees choice,employment_type=4
cds-dvd-vhs,search titles only,srchType=T
cds-dvd-vhs,has image,hasPic=1
cds-dvd-vhs,posted today,postedToday=1
cds-dvd-vhs,bundle duplicates,bundleDuplicates=1
cds-dvd-vhs,include nearby areas,searchNearby=1
cds-dvd-vhs,new,condition=10
cds-dvd-vhs,like new,condition=20
cds-dvd-vhs,excellent,condition=30
cds-dvd-vhs,good,condition=40
cds-dvd-vhs,fair,condition=50
cds-dvd-vhs,salvage,condition=60
cds-dvd-vhs,cd,media_type=1
cds-dvd-vhs,vinyl,media_type=2
cds-dvd-vhs,other audio,media_type=9
cds-dvd-vhs,blu-ray,media_type=11
cds-dvd-vhs,dvd,media_type=12
cds-dvd-vhs,vhs,media_type=13
cds-dvd-vhs,other video,media_type=19
cell phones,search titles only,srchType=T
cell phones,has image,hasPic=1
cell phones,posted today,postedToday=1
cell phones,bundle duplicates,bundleDuplicates=1
cell phones,include nearby areas,searchNearby=1
cell phones,new,condition=10
cell phones,like new,condition=20
cell phones,excellent,condition=30
cell phones,good,condition=40
cell phones,fair,condition=50
cell phones,salvage,condition=60
cell phones,android,mobile_os=1
cell phones,apple iOS,mobile_os=2
cell phones,blackberry,mobile_os=3
cell phones,windows mobile,mobile_os=4
cell phones,other,mobile_os=20
cell-mobile,search titles only,srchType=T
cell-mobile,has image,hasPic=1
cell-mobile,posted today,postedToday=1
cell-mobile,bundle duplicates,bundleDuplicates=1
cell-mobile,include nearby areas,searchNearby=1
childcare,search titles only,srchType=T
childcare,has image,hasPic=1
childcare,posted today,postedToday=1
childcare,bundle duplicates,bundleDuplicates=1
childcare,include nearby areas,searchNearby=1
classes,search titles only,srchType=T
classes,has image,hasPic=1
classes,posted today,postedToday=1
classes,bundle duplicates,bundleDuplicates=1
classes,include nearby areas,searchNearby=1
clothes+acc,search titles only,srchType=T
clothes+acc,has image,hasPic=1
clothes+acc,posted today,postedToday=1
clothes+acc,bundle duplicates,bundleDuplicates=1
clothes+acc,include nearby areas,searchNearby=1
clothes+acc,new,condition=10
clothes+acc,like new,condition=20
clothes+acc,excellent,condition=30
clothes+acc,good,condition=40
clothes+acc,fair,condition=50
clothes+acc,salvage,condition=60
collectibles,search titles only,srchType=T
collectibles,has image,hasPic=1
collectibles,posted today,postedToday=1
collectibles,bundle duplicates,bundleDuplicates=1
collectibles,include nearby areas,searchNearby=1
collectibles,new,condition=10
collectibles,like new,condition=20
collectibles,excellent,condition=30
collectibles,good,condition=40
collectibles,fair,condition=50
collectibles,salvage,condition=60
computer,search titles only,srchType=T
computer,has image,hasPic=1
computer,posted today,postedToday=1
computer,bundle duplicates,bundleDuplicates=1
computer,include nearby areas,searchNearby=1
creative,search titles only,srchType=T
creative,has image,hasPic=1
creative,posted today,postedToday=1
creative,bundle duplicates,bundleDuplicates=1
creative,include nearby areas,searchNearby=1
crew,search titles only,srchType=T
crew,has image,hasPic=1
crew,posted today,postedToday=1
crew,bundle duplicates,bundleDuplicates=1
crew,include nearby areas,searchNearby=1
customer service,search titles only,srchType=T
customer service,has image,hasPic=1
customer service,posted today,postedToday=1
customer service,bundle duplicates,bundleDuplicates=1
customer service,include nearby areas,searchNearby=1
customer service,internship,is_internship=1
customer service,non-profit,is_nonprofit=1
customer service,telecommute,is_telecommuting=1
customer service,full-time,employment_type=1
customer service,part-time,employment_type=2
customer service,contract,employment_type=3
customer service,employees choice,employment_type=4
cycle,search titles only,srchType=T
cycle,has image,hasPic=1
cycle,posted today,postedToday=1
cycle,bundle duplicates,bundleDuplicates=1
cycle,include nearby areas,searchNearby=1
domestic,search titles only,srchType=T
domestic,has image,hasPic=1
domestic,posted today,postedToday=1
domestic,bundle duplicates,bundleDuplicates=1
domestic,include nearby areas,searchNearby=1
education,search titles only,srchType=T
education,has image,hasPic=1
education,posted today,postedToday=1
education,bundle duplicates,bundleDuplicates=1
education,include nearby areas,searchNearby=1
education,internship,is_internship=1
education,non-profit,is_nonprofit=1
education,telecommute,is_telecommuting=1
education,full-time,employment_type=1
education,part-time,employment_type=2
education,contract,employment_type=3
education,employees choice,employment_type=4
electronics,search titles only,srchType=T
electronics,has image,hasPic=1
electronics,posted today,postedToday=1
electronics,bundle duplicates,bundleDuplicates=1
electronics,include nearby areas,searchNearby=1
electronics,new,condition=10
electronics,like new,condition=20
electronics,excellent,condition=30
electronics,good,condition=40
electronics,fair,condition=50
electronics,salvage,condition=60
ETC,search titles only,srchType=T
ETC,has image,hasPic=1
ETC,posted today,postedToday=1
ETC,bundle duplicates,bundleDuplicates=1
ETC,include nearby areas,searchNearby=1
ETC,internship,is_internship=1
ETC,non-profit,is_nonprofit=1
ETC,telecommute,is_telecommuting=1
ETC,full-time,employment_type=1
ETC,part-time,employment_type=2
ETC,contract,employment_type=3
ETC,employees choice,employment_type=4
event,search titles only,srchType=T
event,has image,hasPic=1
event,posted today,postedToday=1
event,bundle duplicates,bundleDuplicates=1
event,include nearby areas,searchNearby=1
events,search titles only,srchType=T
events,has image,hasPic=1
events,posted today,postedToday=1
events,bundle duplicates,bundleDuplicates=1
events,include nearby areas,searchNearby=1
events,art-film,event_art=1
events,career,event_career=1
events,charitable,event_fundraiser_vol=1
events,competition,event_athletics=1
events,dance,event_dance=1
events,fest-fair,event_festival=1
events,fitness-health,event_fitness_wellness=1
events,food-drink,event_food=1
events,free,event_free=1
events,kid friendly,event_kidfriendly=1
events,literary,event_literary=1
events,music,event_music=1
events,outdoor,event_outdoor=1
events,sale,event_sale=1
events,singles,event_singles=1
events,tech,event_geek=1
farm+garden,search titles only,srchType=T
farm+garden,has image,hasPic=1
farm+garden,posted today,postedToday=1
farm+garden,bundle duplicates,bundleDuplicates=1
farm+garden,include nearby areas,searchNearby=1
farm+garden,new,condition=10
farm+garden,like new,condition=20
farm+garden,excellent,condition=30
farm+garden,good,condition=40
farm+garden,fair,condition=50
farm+garden,salvage,condition=60
financial,search titles only,srchType=T
financial,has image,hasPic=1
financial,posted today,postedToday=1
financial,bundle duplicates,bundleDuplicates=1
financial,include nearby areas,searchNearby=1
food-bev-hosp,search titles only,srchType=T
food-bev-hosp,has image,hasPic=1
food-bev-hosp,posted today,postedToday=1
food-bev-hosp,bundle duplicates,bundleDuplicates=1
food-bev-hosp,include nearby areas,searchNearby=1
food-bev-hosp,internship,is_internship=1
food-bev-hosp,non-profit,is_nonprofit=1
food-bev-hosp,telecommute,is_telecommuting=1
food-bev-hosp,full-time,employment_type=1
food-bev-hosp,part-time,employment_type=2
food-bev-hosp,contract,employment_type=3
food-bev-hosp,employees choice,employment_type=4
free,search titles only,srchType=T
free,has image,hasPic=1
free,posted today,postedToday=1
free,bundle duplicates,bundleDuplicates=1
free,include nearby areas,searchNearby=1
free,new,condition=10
free,like new,condition=20
free,excellent,condition=30
free,good,condition=40
free,fair,condition=50
free,salvage,condition=60
furniture,search titles only,srchType=T
furniture,has image,hasPic=1
furniture,posted today,postedToday=1
furniture,bundle duplicates,bundleDuplicates=1
furniture,include nearby areas,searchNearby=1
furniture,new,condition=10
furniture,like new,condition=20
furniture,excellent,condition=30
furniture,good,condition=40
furniture,fair,condition=50
furniture,salvage,condition=60
garage sale,search titles only,srchType=T
garage sale,has image,hasPic=1
garage sale,posted today,postedToday=1
garage sale,bundle duplicates,bundleDuplicates=1
garage sale,include nearby areas,searchNearby=1
general,search titles only,srchType=T
general,has image,hasPic=1
general,posted today,postedToday=1
general,bundle duplicates,bundleDuplicates=1
general,include nearby areas,searchNearby=1
general,new,condition=10
general,like new,condition=20
general,excellent,condition=30
general,good,condition=40
general,fair,condition=50
general,salvage,condition=60
general labor,search titles only,srchType=T
general labor,has image,hasPic=1
general labor,posted today,postedToday=1
general labor,bundle duplicates,bundleDuplicates=1
general labor,include nearby areas,searchNearby=1
general labor,internship,is_internship=1
general labor,non-profit,is_nonprofit=1
general labor,telecommute,is_telecommuting=1
general labor,full-time,employment_type=1
general labor,part-time,employment_type=2
general labor,contract,employment_type=3
general labor,employees choice,employment_type=4
government,search titles only,srchType=T
government,has image,hasPic=1
government,posted today,postedToday=1
government,bundle duplicates,bundleDuplicates=1
government,include nearby areas,searchNearby=1
government,internship,is_internship=1
government,non-profit,is_nonprofit=1
government,telecommute,is_telecommuting=1
government,full-time,employment_type=1
government,part-time,employment_type=2
government,contract,employment_type=3
government,employees choice,employment_type=4
groups,search titles only,srchType=T
groups,has image,hasPic=1
groups,posted today,postedToday=1
groups,bundle duplicates,bundleDuplicates=1
groups,include nearby areas,searchNearby=1
heavy equip,search titles only,srchType=T
heavy equip,has image,hasPic=1
heavy equip,posted today,postedToday=1
heavy equip,bundle duplicates,bundleDuplicates=1
heavy equip,include nearby areas,searchNearby=1
heavy equip,new,condition=10
heavy equip,like new,condition=20
heavy equip,excellent,condition=30
heavy equip,good,condition=40
heavy equip,fair,condition=50
heavy equip,salvage,condition=60
household,search titles only,srchType=T
household,has image,hasPic=1
household,posted today,postedToday=1
household,bundle duplicates,bundleDuplicates=1
household,include nearby areas,searchNearby=1
household,new,condition=10
household,like new,condition=20
household,excellent,condition=30
household,good,condition=40
household,fair,condition=50
household,salvage,condition=60
human resources,search titles only,srchType=T
human resources,has image,hasPic=1
human resources,posted today,postedToday=1
human resources,bundle duplicates,bundleDuplicates=1
human resources,include nearby areas,searchNearby=1
human resources,internship,is_internship=1
human resources,non-profit,is_nonprofit=1
human resources,telecommute,is_telecommuting=1
human resources,full-time,employment_type=1
human resources,part-time,employment_type=2
human resources,contract,employment_type=3
human resources,employees choice,employment_type=4
internet engineers,search titles only,srchType=T
internet engineers,has image,hasPic=1
internet engineers,posted today,postedToday=1
internet engineers,bundle duplicates,bundleDuplicates=1
internet engineers,include nearby areas,searchNearby=1
internet engineers,internship,is_internship=1
internet engineers,non-profit,is_nonprofit=1
internet engineers,telecommute,is_telecommuting=1
internet engineers,full-time,employment_type=1
internet engineers,part-time,employment_type=2
internet engineers,contract,employment_type=3
internet engineers,employees choice,employment_type=4
jewelry,search titles only,srchType=T
jewelry,has image,hasPic=1
jewelry,posted today,postedToday=1
jewelry,bundle duplicates,bundleDuplicates=1
jewelry,include nearby areas,searchNearby=1
jewelry,new,condition=10
jewelry,like new,condition=20
jewelry,excellent,condition=30
jewelry,good,condition=40
jewelry,fair,condition=50
jewelry,salvage,condition=60
labor,search titles only,srchType=T
labor,has image,hasPic=1
labor,posted today,postedToday=1
labor,bundle duplicates,bundleDuplicates=1
labor,include nearby areas,searchNearby=1
labor-move,search titles only,srchType=T
labor-move,has image,hasPic=1
labor-move,posted today,postedToday=1
labor-move,bundle duplicates,bundleDuplicates=1
labor-move,include nearby areas,searchNearby=1
legal,search titles only,srchType=T
legal,has image,hasPic=1
legal,posted today,postedToday=1
legal,bundle duplicates,bundleDuplicates=1
legal,include nearby areas,searchNearby=1
legal-paralegal,search titles only,srchType=T
legal-paralegal,has image,hasPic=1
legal-paralegal,posted today,postedToday=1
legal-paralegal,bundle duplicates,bundleDuplicates=1
legal-paralegal,include nearby areas,searchNearby=1
legal-paralegal,internship,is_internship=1
legal-paralegal,non-profit,is_nonprofit=1
legal-paralegal,telecommute,is_telecommuting=1
legal-paralegal,full-time,employment_type=1
legal-paralegal,part-time,employment_type=2
legal-paralegal,contract,employment_type=3
legal-paralegal,employees choice,employment_type=4
lessons,search titles only,srchType=T
lessons,has image,hasPic=1
lessons,posted today,postedToday=1
lessons,bundle duplicates,bundleDuplicates=1
lessons,include nearby areas,searchNearby=1
local news,search titles only,srchType=T
local news,has image,hasPic=1
local news,posted today,postedToday=1
local news,bundle duplicates,bundleDuplicates=1
local news,include nearby areas,searchNearby=1
lost+found,search titles only,srchType=T
lost+found,has image,hasPic=1
lost+found,posted today,postedToday=1
lost+found,bundle duplicates,bundleDuplicates=1
lost+found,include nearby areas,searchNearby=1
lost+found,lost,lost_and_found_type=1
lost+found,found,lost_and_found_type=2
manufacturing,search titles only,srchType=T
manufacturing,has image,hasPic=1
manufacturing,posted today,postedToday=1
manufacturing,bundle duplicates,bundleDuplicates=1
manufacturing,include nearby areas,searchNearby=1
manufacturing,internship,is_internship=1
manufacturing,non-profit,is_nonprofit=1
manufacturing,telecommute,is_telecommuting=1
manufacturing,full-time,employment_type=1
manufacturing,part-time,employment_type=2
manufacturing,contract,employment_type=3
manufacturing,employees choice,employment_type=4
marine,search titles only,srchType=T
marine,has image,hasPic=1
marine,posted today,postedToday=1
marine,bundle duplicates,bundleDuplicates=1
marine,include nearby areas,searchNearby=1
marketing-pr-ad,search titles only,srchType=T
marketing-pr-ad,has image,hasPic=1
marketing-pr-ad,posted today,postedToday=1
marketing-pr-ad,bundle duplicates,bundleDuplicates=1
marketing-pr-ad,include nearby areas,searchNearby=1
marketing-pr-ad,internship,is_internship=1
marketing-pr-ad,non-profit,is_nonprofit=1
marketing-pr-ad,telecommute,is_telecommuting=1
marketing-pr-ad,full-time,employment_type=1
marketing-pr-ad,part-time,employment_type=2
marketing-pr-ad,contract,employment_type=3
marketing-pr-ad,employees choice,employment_type=4
materials,search titles only,srchType=T
materials,has image,hasPic=1
materials,posted today,postedToday=1
materials,bundle duplicates,bundleDuplicates=1
materials,include nearby areas,searchNearby=1
materials,new,condition=10
materials,like new,condition=20
materials,excellent,condition=30
materials,good,condition=40
materials,fair,condition=50
materials,salvage,condition=60
medical-health,search titles only,srchType=T
medical-health,has image,hasPic=1
medical-health,posted today,postedToday=1
medical-health,bundle duplicates,bundleDuplicates=1
medical-health,include nearby areas,searchNearby=1
medical-health,internship,is_internship=1
medical-health,non-profit,is_nonprofit=1
medical-health,telecommute,is_telecommuting=1
medical-health,full-time,employment_type=1
medical-health,part-time,employment_type=2
medical-health,contract,employment_type=3
medical-health,employees choice,employment_type=4
music instr,search titles only,srchType=T
music instr,has image,hasPic=1
music instr,posted today,postedToday=1
music instr,bundle duplicates,bundleDuplicates=1
music instr,include nearby areas,searchNearby=1
music instr,new,condition=10
music instr,like new,condition=20
music instr,excellent,condition=30
music instr,good,condition=40
music instr,fair,condition=50
music instr,salvage,condition=60
musicians,search titles only,srchType=T
musicians,has image,hasPic=1
musicians,posted today,postedToday=1
musicians,bundle duplicates,bundleDuplicates=1
musicians,include nearby areas,searchNearby=1
nonprofit sector,search titles only,srchType=T
nonprofit sector,has image,hasPic=1
nonprofit sector,posted today,postedToday=1
nonprofit sector,bundle duplicates,bundleDuplicates=1
nonprofit sector,include nearby areas,searchNearby=1
nonprofit sector,internship,is_internship=1
nonprofit sector,non-profit,is_nonprofit=1
nonprofit sector,telecommute,is_telecommuting=1
nonprofit sector,full-time,employment_type=1
nonprofit sector,part-time,employment_type=2
nonprofit sector,contract,employment_type=3
nonprofit sector,employees choice,employment_type=4
part-time,search titles only,srchType=T
part-time,has image,hasPic=1
part-time,posted today,postedToday=1
part-time,bundle duplicates,bundleDuplicates=1
part-time,include nearby areas,searchNearby=1
part-time,internship,is_internship=1
part-time,non-profit,is_nonprofit=1
part-time,telecommute,is_telecommuting=1
part-time,full-time,employment_type=1
part-time,part-time,employment_type=2
part-time,contract,employment_type=3
part-time,employees choice,employment_type=4
pet,search titles only,srchType=T
pet,has image,hasPic=1
pet,posted today,postedToday=1
pet,bundle duplicates,bundleDuplicates=1
pet,include nearby areas,searchNearby=1
pets,search titles only,srchType=T
pets,has image,hasPic=1
pets,posted today,postedToday=1
pets,bundle duplicates,bundleDuplicates=1
pets,include nearby areas,searchNearby=1
photo+video,search titles only,srchType=T
photo+video,has image,hasPic=1
photo+video,posted today,postedToday=1
photo+video,bundle duplicates,bundleDuplicates=1
photo+video,include nearby areas,searchNearby=1
photo+video,new,condition=10
photo+video,like new,condition=20
photo+video,excellent,condition=30
photo+video,good,condition=40
photo+video,fair,condition=50
photo+video,salvage,condition=60
politics,search titles only,srchType=T
politics,has image,hasPic=1
politics,posted today,postedToday=1
politics,bundle duplicates,bundleDuplicates=1
politics,include nearby areas,searchNearby=1
real estate,search titles only,srchType=T
real estate,has image,hasPic=1
real estate,posted today,postedToday=1
real estate,bundle duplicates,bundleDuplicates=1
real estate,include nearby areas,searchNearby=1
real estate,internship,is_internship=1
real estate,non-profit,is_nonprofit=1
real estate,telecommute,is_telecommuting=1
real estate,full-time,employment_type=1
real estate,part-time,employment_type=2
real estate,contract,employment_type=3
real estate,employees choice,employment_type=4
retail-wholesale,search titles only,srchType=T
retail-wholesale,has image,hasPic=1
retail-wholesale,posted today,postedToday=1
retail-wholesale,bundle duplicates,bundleDuplicates=1
retail-wholesale,include nearby areas,searchNearby=1
retail-wholesale,internship,is_internship=1
retail-wholesale,non-profit,is_nonprofit=1
retail-wholesale,telecommute,is_telecommuting=1
retail-wholesale,full-time,employment_type=1
retail-wholesale,part-time,employment_type=2
retail-wholesale,contract,employment_type=3
retail-wholesale,employees choice,employment_type=4
rideshare,search titles only,srchType=T
rideshare,has image,hasPic=1
rideshare,posted today,postedToday=1
rideshare,bundle duplicates,bundleDuplicates=1
rideshare,include nearby areas,searchNearby=1
rideshare,ride offered,rideshare_type=1
rideshare,ride wanted,rideshare_type=2
rooms wanted,search titles only,srchType=T
rooms wanted,has image,hasPic=1
rooms wanted,posted today,postedToday=1
rooms wanted,bundle duplicates,bundleDuplicates=1
rooms wanted,include nearby areas,searchNearby=1
rooms wanted,cats ok,pets_cat=1
rooms wanted,dogs ok,pets_dog=1
rooms-shared,search titles only,srchType=T
rooms-shared,has image,hasPic=1
rooms-shared,posted today,postedToday=1
rooms-shared,bundle duplicates,bundleDuplicates=1
rooms-shared,include nearby areas,searchNearby=1
rooms-shared,private room,private_room=1
rooms-shared,private bath,private_bath=1
rooms-shared,cats ok,pets_cat=1
rooms-shared,dogs ok,pets_dog=1
rooms-shared,furnished,is_furnished=1
rooms-shared,no smoking,no_smoking=1
rooms-shared,wheelchair access,wheelchaccess=1
rooms-shared,w-d in unit,laundry=1
rooms-shared,w-d hookups,laundry=4
rooms-shared,laundry in bldg,laundry=2
rooms-shared,laundry on site,laundry=3
rooms-shared,no laundry on site,laundry=5
rooms-shared,carport,parking=1
rooms-shared,attached garage,parking=2
rooms-shared,detached garage,parking=3
rooms-shared,off-street parking,parking=4
rooms-shared,street parking,parking=5
rooms-shared,valet parking,parking=6
rvs+camp,search titles only,srchType=T
rvs+camp,has image,hasPic=1
rvs+camp,posted today,postedToday=1
rvs+camp,bundle duplicates,bundleDuplicates=1
rvs+camp,include nearby areas,searchNearby=1
rvs+camp,new,condition=10
rvs+camp,like new,condition=20
rvs+camp,excellent,condition=30
rvs+camp,good,condition=40
rvs+camp,fair,condition=50
rvs+camp,salvage,condition=60
rvs+camp,3 cylinders,auto_cylinders=1
rvs+camp,4 cylinders,auto_cylinders=2
rvs+camp,5 cylinders,auto_cylinders=3
rvs+camp,6 cylinders,auto_cylinders=4
rvs+camp,8 cylinders,auto_cylinders=5
rvs+camp,10 cylinders,auto_cylinders=6
rvs+camp,12 cylinders,auto_cylinders=7
rvs+camp,other,auto_cylinders=8
rvs+camp,fwd,auto_drivetrain=1
rvs+camp,rwd,auto_drivetrain=2
rvs+camp,4wd,auto_drivetrain=3
rvs+camp,gas,auto_fuel_type=1
rvs+camp,diesel,auto_fuel_type=2
rvs+camp,hybrid,auto_fuel_type=3
rvs+camp,electric,auto_fuel_type=4
rvs+camp,other,auto_fuel_type=6
rvs+camp,black,auto_paint=1
rvs+camp,blue,auto_paint=2
rvs+camp,brown,auto_paint=20
rvs+camp,green,auto_paint=3
rvs+camp,grey,auto_paint=4
rvs+camp,orange,auto_paint=5
rvs+camp,purple,auto_paint=6
rvs+camp,red,auto_paint=7
rvs+camp,silver,auto_paint=8
rvs+camp,white,auto_paint=9
rvs+camp,yellow,auto_paint=10
rvs+camp,custom,auto_paint=11
rvs+camp,clean,auto_title_status=1
rvs+camp,salvage,auto_title_status=2
rvs+camp,rebuilt,auto_title_status=3
rvs+camp,parts only,auto_title_status=4
rvs+camp,lien,auto_title_status=5
rvs+camp,missing,auto_title_status=6
rvs+camp,manual,auto_transmission=1
rvs+camp,automatic,auto_transmission=2
rvs+camp,other,auto_transmission=3
sales-biz dev,search titles only,srchType=T
sales-biz dev,has image,hasPic=1
sales-biz dev,posted today,postedToday=1
sales-biz dev,bundle duplicates,bundleDuplicates=1
sales-biz dev,include nearby areas,searchNearby=1
sales-biz dev,internship,is_internship=1
sales-biz dev,non-profit,is_nonprofit=1
sales-biz dev,telecommute,is_telecommuting=1
sales-biz dev,full-time,employment_type=1
sales-biz dev,part-time,employment_type=2
sales-biz dev,contract,employment_type=3
sales-biz dev,employees choice,employment_type=4
salon-spa-fitness,search titles only,srchType=T
salon-spa-fitness,has image,hasPic=1
salon-spa-fitness,posted today,postedToday=1
salon-spa-fitness,bundle duplicates,bundleDuplicates=1
salon-spa-fitness,include nearby areas,searchNearby=1
salon-spa-fitness,internship,is_internship=1
salon-spa-fitness,non-profit,is_nonprofit=1
salon-spa-fitness,telecommute,is_telecommuting=1
salon-spa-fitness,full-time,employment_type=1
salon-spa-fitness,part-time,employment_type=2
salon-spa-fitness,contract,employment_type=3
salon-spa-fitness,employees choice,employment_type=4
security,search titles only,srchType=T
security,has image,hasPic=1
security,posted today,postedToday=1
security,bundle duplicates,bundleDuplicates=1
security,include nearby areas,searchNearby=1
security,internship,is_internship=1
security,non-profit,is_nonprofit=1
security,telecommute,is_telecommuting=1
security,full-time,employment_type=1
security,part-time,employment_type=2
security,contract,employment_type=3
security,employees choice,employment_type=4
skilled trade,search titles only,srchType=T
skilled trade,has image,hasPic=1
skilled trade,posted today,postedToday=1
skilled trade,bundle duplicates,bundleDuplicates=1
skilled trade,include nearby areas,searchNearby=1
skilled trade-craft,search titles only,srchType=T
skilled trade-craft,has image,hasPic=1
skilled trade-craft,posted today,postedToday=1
skilled trade-craft,bundle duplicates,bundleDuplicates=1
skilled trade-craft,include nearby areas,searchNearby=1
skilled trade-craft,internship,is_internship=1
skilled trade-craft,non-profit,is_nonprofit=1
skilled trade-craft,telecommute,is_telecommuting=1
skilled trade-craft,full-time,employment_type=1
skilled trade-craft,part-time,employment_type=2
skilled trade-craft,contract,employment_type=3
skilled trade-craft,employees choice,employment_type=4
sm biz ads,search titles only,srchType=T
sm biz ads,has image,hasPic=1
sm biz ads,posted today,postedToday=1
sm biz ads,bundle duplicates,bundleDuplicates=1
sm biz ads,include nearby areas,searchNearby=1
software-qa-dba,search titles only,srchType=T
software-qa-dba,has image,hasPic=1
software-qa-dba,posted today,postedToday=1
software-qa-dba,bundle duplicates,bundleDuplicates=1
software-qa-dba,include nearby areas,searchNearby=1
software-qa-dba,internship,is_internship=1
software-qa-dba,non-profit,is_nonprofit=1
software-qa-dba,telecommute,is_telecommuting=1
software-qa-dba,full-time,employment_type=1
software-qa-dba,part-time,employment_type=2
software-qa-dba,contract,employment_type=3
software-qa-dba,employees choice,employment_type=4
sporting,search titles only,srchType=T
sporting,has image,hasPic=1
sporting,posted today,postedToday=1
sporting,bundle duplicates,bundleDuplicates=1
sporting,include nearby areas,searchNearby=1
sporting,new,condition=10
sporting,like new,condition=20
sporting,excellent,condition=30
sporting,good,condition=40
sporting,fair,condition=50
sporting,salvage,condition=60
sublets-temporary,search titles only,srchType=T
sublets-temporary,has image,hasPic=1
sublets-temporary,posted today,postedToday=1
sublets-temporary,bundle duplicates,bundleDuplicates=1
sublets-temporary,include nearby areas,searchNearby=1
sublets-temporary,private room,private_room=1
sublets-temporary,private bath,private_bath=1
sublets-temporary,cats ok,pets_cat=1
sublets-temporary,dogs ok,pets_dog=1
sublets-temporary,furnished,is_furnished=1
sublets-temporary,no smoking,no_smoking=1
sublets-temporary,wheelchair access,wheelchaccess=1
sublets-temporary,apartment,housing_type=1
sublets-temporary,condo,housing_type=2
sublets-temporary,cottage-cabin,housing_type=3
sublets-temporary,duplex,housing_type=4
sublets-temporary,flat,housing_type=5
sublets-temporary,house,housing_type=6
sublets-temporary,in-law,housing_type=7
sublets-temporary,loft,housing_type=8
sublets-temporary,townhouse,housing_type=9
sublets-temporary,manufactured,housing_type=10
sublets-temporary,assisted living,housing_type=11
sublets-temporary,land,housing_type=12
sublets-temporary,w-d in unit,laundry=1
sublets-temporary,w-d hookups,laundry=4
sublets-temporary,laundry in bldg,laundry=2
sublets-temporary,laundry on site,laundry=3
sublets-temporary,no laundry on site,laundry=5
sublets-temporary,carport,parking=1
sublets-temporary,attached garage,parking=2
sublets-temporary,detached garage,parking=3
sublets-temporary,off-street parking,parking=4
sublets-temporary,street parking,parking=5
sublets-temporary,valet parking,parking=6
sublets-temporary,no parking,parking=7
systems-network,search titles only,srchType=T
systems-network,has image,hasPic=1
systems-network,posted today,postedToday=1
systems-network,bundle duplicates,bundleDuplicates=1
systems-network,include nearby areas,searchNearby=1
systems-network,internship,is_internship=1
systems-network,non-profit,is_nonprofit=1
systems-network,telecommute,is_telecommuting=1
systems-network,full-time,employment_type=1
systems-network,part-time,employment_type=2
systems-network,contract,employment_type=3
systems-network,employees choice,employment_type=4
talent,search titles only,srchType=T
talent,has image,hasPic=1
talent,posted today,postedToday=1
talent,bundle duplicates,bundleDuplicates=1
talent,include nearby areas,searchNearby=1
technical support,search titles only,srchType=T
technical support,has image,hasPic=1
technical support,posted today,postedToday=1
technical support,bundle duplicates,bundleDuplicates=1
technical support,include nearby areas,searchNearby=1
technical support,internship,is_internship=1
technical support,non-profit,is_nonprofit=1
technical support,telecommute,is_telecommuting=1
technical support,full-time,employment_type=1
technical support,part-time,employment_type=2
technical support,contract,employment_type=3
technical support,employees choice,employment_type=4
therapeutic,search titles only,srchType=T
therapeutic,has image,hasPic=1
therapeutic,posted today,postedToday=1
therapeutic,bundle duplicates,bundleDuplicates=1
therapeutic,include nearby areas,searchNearby=1
tickets,search titles only,srchType=T
tickets,has image,hasPic=1
tickets,posted today,postedToday=1
tickets,bundle duplicates,bundleDuplicates=1
tickets,include nearby areas,searchNearby=1
tools,search titles only,srchType=T
tools,has image,hasPic=1
tools,posted today,postedToday=1
tools,bundle duplicates,bundleDuplicates=1
tools,include nearby areas,searchNearby=1
tools,new,condition=10
tools,like new,condition=20
tools,excellent,condition=30
tools,good,condition=40
tools,fair,condition=50
tools,salvage,condition=60
toys+games,search titles only,srchType=T
toys+games,has image,hasPic=1
toys+games,posted today,postedToday=1
toys+games,bundle duplicates,bundleDuplicates=1
toys+games,include nearby areas,searchNearby=1
toys+games,new,condition=10
toys+games,like new,condition=20
toys+games,excellent,condition=30
toys+games,good,condition=40
toys+games,fair,condition=50
toys+games,salvage,condition=60
trailers,search titles only,srchType=T
trailers,has image,hasPic=1
trailers,posted today,postedToday=1
trailers,bundle duplicates,bundleDuplicates=1
trailers,include nearby areas,searchNearby=1
trailers,new,condition=10
trailers,like new,condition=20
trailers,excellent,condition=30
trailers,good,condition=40
trailers,fair,condition=50
trailers,salvage,condition=60
trailers,black,auto_paint=1
trailers,blue,auto_paint=2
trailers,brown,auto_paint=20
trailers,green,auto_paint=3
trailers,grey,auto_paint=4
trailers,orange,auto_paint=5
trailers,purple,auto_paint=6
trailers,red,auto_paint=7
trailers,silver,auto_paint=8
trailers,white,auto_paint=9
trailers,yellow,auto_paint=10
trailers,custom,auto_paint=11
transport,search titles only,srchType=T
transport,has image,hasPic=1
transport,posted today,postedToday=1
transport,bundle duplicates,bundleDuplicates=1
transport,include nearby areas,searchNearby=1
transport,internship,is_internship=1
transport,non-profit,is_nonprofit=1
transport,telecommute,is_telecommuting=1
transport,full-time,employment_type=1
transport,part-time,employment_type=2
transport,contract,employment_type=3
transport,employees choice,employment_type=4
travel-vac,search titles only,srchType=T
travel-vac,has image,hasPic=1
travel-vac,posted today,postedToday=1
travel-vac,bundle duplicates,bundleDuplicates=1
travel-vac,include nearby areas,searchNearby=1
tv-film-video,search titles only,srchType=T
tv-film-video,has image,hasPic=1
tv-film-video,posted today,postedToday=1
tv-film-video,bundle duplicates,bundleDuplicates=1
tv-film-video,include nearby areas,searchNearby=1
tv-film-video,internship,is_internship=1
tv-film-video,non-profit,is_nonprofit=1
tv-film-video,telecommute,is_telecommuting=1
tv-film-video,full-time,employment_type=1
tv-film-video,part-time,employment_type=2
tv-film-video,contract,employment_type=3
tv-film-video,employees choice,employment_type=4
vacation rentals,search titles only,srchType=T
vacation rentals,has image,hasPic=1
vacation rentals,posted today,postedToday=1
vacation rentals,bundle duplicates,bundleDuplicates=1
vacation rentals,include nearby areas,searchNearby=1
vacation rentals,cats ok,pets_cat=1
vacation rentals,dogs ok,pets_dog=1
vacation rentals,furnished,is_furnished=1
vacation rentals,no smoking,no_smoking=1
vacation rentals,wheelchair access,wheelchaccess=1
vacation rentals,apartment,housing_type=1
vacation rentals,condo,housing_type=2
vacation rentals,cottage-cabin,housing_type=3
vacation rentals,duplex,housing_type=4
vacation rentals,flat,housing_type=5
vacation rentals,house,housing_type=6
vacation rentals,in-law,housing_type=7
vacation rentals,loft,housing_type=8
vacation rentals,townhouse,housing_type=9
vacation rentals,manufactured,housing_type=10
vacation rentals,assisted living,housing_type=11
vacation rentals,land,housing_type=12
vacation rentals,w-d in unit,laundry=1
vacation rentals,w-d hookups,laundry=4
vacation rentals,laundry in bldg,laundry=2
vacation rentals,laundry on site,laundry=3
vacation rentals,no laundry on site,laundry=5
vacation rentals,carport,parking=1
vacation rentals,attached garage,parking=2
vacation rentals,detached garage,parking=3
vacation rentals,off-street parking,parking=4
vacation rentals,street parking,parking=5
vacation rentals,valet parking,parking=6
vacation rentals,no parking,parking=7
video gaming,search titles only,srchType=T
video gaming,has image,hasPic=1
video gaming,posted today,postedToday=1
video gaming,bundle duplicates,bundleDuplicates=1
video gaming,include nearby areas,searchNearby=1
video gaming,new,condition=10
video gaming,like new,condition=20
video gaming,excellent,condition=30
video gaming,good,condition=40
video gaming,fair,condition=50
video gaming,salvage,condition=60
volunteers,search titles only,srchType=T
volunteers,has image,hasPic=1
volunteers,posted today,postedToday=1
volunteers,bundle duplicates,bundleDuplicates=1
volunteers,include nearby areas,searchNearby=1
wanted,search titles only,srchType=T
wanted,has image,hasPic=1
wanted,posted today,postedToday=1
wanted,bundle duplicates,bundleDuplicates=1
wanted,include nearby areas,searchNearby=1
wanted,new,condition=10
wanted,like new,condition=20
wanted,excellent,condition=30
wanted,good,condition=40
wanted,fair,condition=50
wanted,salvage,condition=60
web-info design,search titles only,srchType=T
web-info design,has image,hasPic=1
web-info design,posted today,postedToday=1
web-info design,bundle duplicates,bundleDuplicates=1
web-info design,include nearby areas,searchNearby=1
web-info design,internship,is_internship=1
web-info design,non-profit,is_nonprofit=1
web-info design,telecommute,is_telecommuting=1
web-info design,full-time,employment_type=1
web-info design,part-time,employment_type=2
web-info design,contract,employment_type=3
web-info design,employees choice,employment_type=4
write-ed-tran,search titles only,srchType=T
write-ed-tran,has image,hasPic=1
write-ed-tran,posted today,postedToday=1
write-ed-tran,bundle duplicates,bundleDuplicates=1
write-ed-tran,include nearby areas,searchNearby=1
writing,search titles only,srchType=T
writing,has image,hasPic=1
writing,posted today,postedToday=1
writing,bundle duplicates,bundleDuplicates=1
writing,include nearby areas,searchNearby=1
writing-editing,search titles only,srchType=T
writing-editing,has image,hasPic=1
writing-editing,posted today,postedToday=1
writing-editing,bundle duplicates,bundleDuplicates=1
writing-editing,include nearby areas,searchNearby=1
writing-editing,internship,is_internship=1
writing-editing,non-profit,is_nonprofit=1
writing-editing,telecommute,is_telecommuting=1
writing-editing,full-time,employment_type=1
writing-editing,part-time,employment_type=2
writing-editing,contract,employment_type=3
writing-editing,employees choice,employment_type=4
